{
    "lang_en": {
        "search": "Search",
        "config": "Configuration",
        "config-country": "Set Country",
        "config-lang": "Interface Language",
        "config-lang-search": "Search Language",
        "config-near": "Near",
        "config-near-help": "City Name",
        "config-block": "Block",
        "config-block-help": "Comma-separated site list",
        "config-block-title": "Block by Title",
        "config-block-title-help": "Use regex",
        "config-block-url": "Block by URL",
        "config-block-url-help": "Use regex",
        "config-theme": "Theme",
        "config-nojs": "Show NoJS Links",
        "config-dark": "Dark Mode",
        "config-safe": "Safe Search",
        "config-alts": "Replace Social Media Links",
        "config-alts-help": "Replaces Twitter/YouTube/Instagram/etc links with privacy respecting alternatives.",
        "config-new-tab": "Open Links in New Tab",
        "config-images": "Full Size Image Search",
        "config-images-help": "(Experimental) Adds the 'View Image' option to desktop image searches. This will cause image result thumbnails to be lower resolution.",
        "config-tor": "Use Tor",
        "config-get-only": "GET Requests Only",
        "config-url": "Root URL",
        "config-css": "Custom CSS",
        "load": "Load",
        "apply": "Apply",
        "save-as": "Save As...",
        "github-link": "View on GitHub",
        "translate": "translate",
        "light": "light",
        "dark": "dark",
        "system": "system",
        "ratelimit": "Instance has been ratelimited",
        "continue-search": "Continue your search with "
    },
    "lang_nl": {
        "search": "Zoeken",
        "config": "Instellingen",
        "config-country": "Land instellen",
        "config-lang": "Taal instellingen",
        "config-lang-search": "Zoek taal",
        "config-near": "Dichtbij",
        "config-near-help": "Stad",
        "config-block": "Blok",
        "config-block-help": "Lijst met sites met kommas onderscheiden",
        "config-block-title": "Blokkeren op titel",
        "config-block-title-help": "Gebruik regex",
        "config-block-url": "Blokkeren op URL",
        "config-block-url-help": "Gebruik regex",
        "config-theme": "Thema",
        "config-nojs": "Laat NoJS links zien",
        "config-dark": "Donkere Modus",
        "config-safe": "Veilig zoeken",
        "config-alts": "Social Media Links Vervangen",
        "config-alts-help": "Vervang Twitter/YouTube/Instagram/etc links met privacy gerespecteerde alternatieve.",
        "config-new-tab": "Open Links in New Tab",
        "config-images": "Volledige Grote Afbeelding Zoeken",
        "config-images-help": "(Expirimenteel) Voegt de optie 'View Image' toe aan desktop afbeeldingen zoeken. Dit zorgt ervoor dat de voorbeeld foto's kleiner zijn.",
        "config-tor": "Gebruik Tor",
        "config-get-only": "Alleen GET Requests",
        "config-url": "Root URL",
        "config-css": "Eigen CSS",
        "load": "Laden",
        "apply": "Opslaan",
        "save-as": "Opslaan Als...",
        "github-link": "Bekijk op GitHub",
        "translate": "vertalen",
        "light": "helder",
        "dark": "donker",
        "system": "systeeminstellingen",
        "ratelimit": "Instantie is beperkt in snelheid",
        "continue-search": "Ga verder met zoeken met "
    },
    "lang_de": {
        "search": "Suchen",
        "config": "Einstellungen",
        "config-country": "Land einstellen",
        "config-lang": "Oberflächen-Sprache",
        "config-lang-search": "Such-Sprache",
        "config-near": "In der Nähe von",
        "config-near-help": "Stadt-Name",
        "config-block": "Block",
        "config-block-help": "Komma-getrennte Liste von Seiten",
        "config-block-title": "Nach Titel blockieren",
        "config-block-title-help": "Regex verwenden",
        "config-block-url": "Nach URL blockieren",
        "config-block-url-help": "Regex verwenden",
        "config-theme": "Thema",
        "config-nojs": "NoJS-Links anzeigen",
        "config-dark": "Dark Mode",
        "config-safe": "Sicheres Suchen",
        "config-alts": "Social-Media-Links ersetzen",
        "config-alts-help": "Ersetzt Twitter/YouTube/Instagram/etc Links mit Alternativen, welche die Privatsphäre respektieren.",
        "config-new-tab": "Links in neuen Tabs öffnen",
        "config-images": "Bilder-Suche in Vollbild",
        "config-images-help": "(Experimentell) Fügt 'View Image'-Einstellung zu Dekstop Bilder-Suchen hinzu. Dadurch werden Thumbnails in niedrigerer Auflösung angezeigt.",
        "config-tor": "Tor benutzen",
        "config-get-only": "Auschließlich GET-Anfragen",
        "config-url": "Root URL",
        "config-css": "Custom CSS",
        "load": "Laden",
        "apply": "Übernehmen",
        "save-as": "Speichern unter...",
        "github-link": "Auf GitHub öffnen",
        "translate": "Übersetzen",
        "light": "hell",
        "dark": "dunkel",
        "system": "Systemeinstellung",
        "ratelimit": "Instanz wurde ratenbegrenzt",
        "continue-search": "Setzen Sie Ihre Suche fort mit "
    },
    "lang_es": {
        "search": "Buscar",
        "config": "Configuración",
        "config-country": "Establecer País",
        "config-lang": "Idioma de Interfaz",
        "config-lang-search": "Idioma de Búsqueda",
        "config-near": "Cerca",
        "config-near-help": "Nombre de la Ciudad",
        "config-block": "Bloquear",
        "config-block-help": "Lista de sitios separados por comas",
        "config-block-title": "Bloquear por título",
        "config-block-title-help": "Usar expresiones regulares",
        "config-block-url": "Bloquear por URL",
        "config-block-url-help": "Usar expresiones regulares",
        "config-theme": "Tema",
        "config-nojs": "Mostrar Enlaces NoJS",
        "config-dark": "Modo Oscuro",
        "config-safe": "Búsqueda Segura",
        "config-alts": "Reemplazar Enlaces de Redes Sociales",
        "config-alts-help": "Reemplaza los enlaces de Twitter/YouTube/Instagram/etc con alternativas que respetan la privacidad.",
        "config-new-tab": "Abrir enlaces en una pestaña nueva",
        "config-images": "Búsqueda de imágenes a tamaño completo",
        "config-images-help": "(Experimental) Agrega la opción 'Ver imagen' a las búsquedas de imágenes de escritorio. Esto hará que las miniaturas de los resultados de la imagen aparezcan con una resolución más baja.",
        "config-tor": "Usa Tor",
        "config-get-only": "GET solo solicitudes",
        "config-url": "URL raíz",
        "config-css": "CSS personalizado",
        "load": "Cargar",
        "apply": "Aplicar",
        "save-as": "Guardar como...",
        "github-link": "Ver en GitHub",
        "translate": "traducir",
        "light": "brillante",
        "dark": "oscuro",
        "system": "configuración del sistema",
        "ratelimit": "La instancia ha sido ratelimited",
        "continue-search": "Continúe su búsqueda con "
    },
    "lang_it": {
        "search": "Cerca",
        "config": "Impostazioni",
        "config-country": "Imposta Paese",
        "config-lang": "Lingua dell'interfaccia",
        "config-lang-search": "Lingua della ricerca",
        "config-near": "Vicino",
        "config-near-help": "Nome della città",
        "config-block": "Blocca",
        "config-block-help": "Lista di siti separati da virgole",
        "config-block-title": "Blocca per titolo",
        "config-block-title-help": "Usa regex",
        "config-block-url": "Blocca per url",
        "config-block-url-help": "Usa regex",
        "config-theme": "Tema",
        "config-nojs": "Mostra link NoJS",
        "config-dark": "Modalità Notte",
        "config-safe": "Ricerca Sicura",
        "config-alts": "Sostituisci link dei social",
        "config-alts-help": "Sostituisci link di Twitter/YouTube/Instagram/etc con alternative che rispettano la privacy.",
        "config-new-tab": "Apri i link in una nuova scheda",
        "config-images": "Ricerca Immagini",
        "config-images-help": "(Sperimentale) Aggiunge la modalità 'Ricerca Immagini'. Questo ridurrà drasticamente la qualità delle miniature durante la ricerca.",
        "config-tor": "Usa Tor",
        "config-get-only": "Utilizza solo richieste GET",
        "config-url": "Root URL",
        "config-css": "CSS Personalizzato",
        "load": "Carica",
        "apply": "Applica",
        "save-as": "Salva Come...",
        "github-link": "Guarda su GitHub",
        "translate": "tradurre",
        "light": "luminoso",
        "dark": "notte",
        "system": "impostazioni di sistema",
        "ratelimit": "L'istanza è stata limitata alla velocità",
        "continue-search": "Continua la tua ricerca con "
    },
    "lang_pt": {
        "search": "Pesquisar",
        "config": "Configuração",
        "config-country": "Definir País",
        "config-lang": "Idioma da Interface",
        "config-lang-search": "Idioma da Pesquisa",
        "config-near": "Perto",
        "config-near-help": "Nome da Cidade",
        "config-block": "Bloquear",
        "config-block-help": "Lista de sites separados por vírgulas",
        "config-block-title": "Bloco por título",
        "config-block-title-help": "Use regex",
        "config-block-url": "Bloquear por url",
        "config-block-url-help": "Use regex",
        "config-theme": "Tema",
        "config-nojs": "Mostrar Links NoJS",
        "config-dark": "Modo Escuro",
        "config-safe": "Pesquisa Segura",
        "config-alts": "Substituir Links de Redes Sociais",
        "config-alts-help": "Substitui os links do Twitter/YouTube/Instagram/etc. por alternativas que respeitam sua privacidade.",
        "config-new-tab": "Abrir Links em Nova Aba",
        "config-images": "Pesquisa de Imagem em Tamanho Real",
        "config-images-help": "(Experimental) Adiciona a opção 'Mostrar Imagem' às pesquisas de imagens no modo 'para computador'. Isso fará com que as miniaturas do resultado da imagem sejam de menor resolução.",
        "config-tor": "Usar Tor",
        "config-get-only": "Apenas Pedidos GET",
        "config-url": "URL Fonte",
        "config-css": "CSS Personalizado",
        "load": "Carregar",
        "apply": "Aplicar",
        "save-as": "Guardar Como...",
        "github-link": "Ver no GitHub",
        "translate": "traduzir",
        "light": "brilhante",
        "dark": "escuro",
        "system": "configuração de sistema",
        "ratelimit": "A instância foi limitada pela taxa",
        "continue-search": "Continue sua pesquisa com "
    },
    "lang_ru": {
        "search": "Поиск",
        "config": "Настройка",
        "config-country": "Установить страну",
        "config-lang": "Язык интерфейса",
        "config-lang-search": "Язык поиска",
        "config-near": "Около",
        "config-near-help": "Название города",
        "config-block": "Блокировать",
        "config-block-help": "Список сайтов, разделенный запятыми",
        "config-block-title": "Блокировать по названию",
        "config-block-title-help": "Используйте regex",
        "config-block-url": "Блокировать по URL-адресу",
        "config-block-url-help": "Используйте regex",
        "config-theme": "Оформление",
        "config-nojs": "Показывать ссылки NoJS",
        "config-dark": "Темный режим",
        "config-safe": "Безопасный поиск",
        "config-alts": "Заменить ссылки на социальные сети",
        "config-alts-help": "Замена ссылкок Twitter, YouTube, Instagram и т.д. на альтернативы, уважающие конфиденциальность.",
        "config-new-tab": "Открывать ссылки в новой вкладке",
        "config-images": "Поиск полноразмерных изображений",
        "config-images-help": "(Экспериментально) Добавляет опцию 'Просмотр изображения' к поиску изображений в ПК-режиме. Это приведет к тому, что миниатюры изображений будут иметь более низкое разрешение.",
        "config-tor": "Использовать Tor",
        "config-get-only": "Только GET-запросы",
        "config-url": "Корневой URL-адрес",
        "config-css": "Пользовательский CSS",
        "load": "Загрузить",
        "apply": "Применить",
        "save-as": "Сохранить как...",
        "github-link": "Посмотреть в GitHub",
        "translate": "перевести",
        "light": "светлое",
        "dark": "темное",
        "system": "системное",
        "ratelimit": "Число экземпляров ограничено",
        "continue-search": "Продолжайте поиск с "
    },
    "lang_zh-CN": {
        "search": "搜索",
        "config": "配置",
        "config-country": "设置国家",
        "config-lang": "界面语言",
        "config-lang-search": "搜索语言",
        "config-near": "接近",
        "config-near-help": "城市名",
        "config-block": "屏蔽",
        "config-block-help": "逗号分隔的网站列表",
        "config-block-title": "按网站标题屏蔽",
        "config-block-title-help": "使用正则表达式",
        "config-block-url": "按网站链接屏蔽",
        "config-block-url-help": "使用正则表达式",
        "config-theme": "主题",
        "config-nojs": "显示 NoJS 链接",
        "config-dark": "深色模式",
        "config-safe": "安全搜索",
        "config-alts": "替换社交媒体链接",
        "config-alts-help": "使用尊重隐私的第三方网站替换 Twitter/YouTube/Instagram 等链接。",
        "config-new-tab": "在新标签页打开链接",
        "config-images": "完整尺寸图片搜索",
        "config-images-help": "（实验性）为桌面版图片搜索添加“查看图片”选项。这会降低图片结果缩略图的分辨率。",
        "config-tor": "使用 Tor",
        "config-get-only": "仅限 GET 请求",
        "config-url": "站点根 URL",
        "config-css": "自定义 CSS",
        "load": "载入",
        "apply": "应用",
        "save-as": "另存为...",
        "github-link": "在 GitHub 上查看",
        "translate": "翻译",
        "light": "明亮的",
        "dark": "黑暗的",
        "system": "系统设置",
        "ratelimit": "实例已被限速",
        "continue-search": "继续搜索 "
    },
    "lang_si": {
        "search": "සොයන්න",
        "config": "වින්‍යාසය",
        "config-country": "රට සකසන්න",
        "config-lang": "අතුරු මුහුණතෙහි භාෂාව",
        "config-lang-search": "සෙවුම් භාෂාව",
        "config-near": "ආසන්න",
        "config-near-help": "නගරයේ නම",
        "config-block": "අවහිර",
        "config-block-help": "අල්ප විරාම වලින් වෙන් වූ අඩවි ලැයිස්තුව",
        "config-block-title": "මාතෘකාව අනුව අවහිර කරන්න",
        "config-block-title-help": "රෙජෙක්ස් භාවිතා කරන්න",
        "config-block-url": "යූආර්එල් මඟින් අවහිර කරන්න",
        "config-block-url-help": "රෙජෙක්ස් භාවිතා කරන්න",
        "config-theme": "තේමාව",
        "config-nojs": "නෝජේඑස් සබැඳි පෙන්වන්න",
        "config-dark": "අඳුරු ආකාරය",
        "config-safe": "ආරක්ෂිත සෙවුම",
        "config-alts": "සමාජ මාධ්‍ය සබැඳි ප්‍රතිස්ථාපනය කරන්න",
        "config-alts-help": "ට්විටර්/යූ ටියුබ්/ඉන්ස්ටග්‍රෑම් ආදී සබැඳි පෞද්ගලිකත්වයට ගරු කරන විකල්ප සමඟ ප්‍රතිස්ථාපනය කරයි.",
        "config-new-tab": "නව තීරුවකින් සබැඳි විවෘත කරන්න",
        "config-images": "පූර්ණ ප්‍රමාණයේ රූප සෙවීම",
        "config-images-help": "(පර්යේෂණාත්මක) මේස පරිගණකවල රූප සෙවීමට 'රූපය බලන්න' විකල්පය එකතු කරයි. මෙය රූප ප්‍රතිඵල සංක්ෂිප්තවල අඩු විභේදනයක් ඇති කිරීමට හේතු වේ.",
        "config-tor": "ටෝර් භාවිතා කරන්න",
        "config-get-only": "ඉල්ලීම් පමණක් ලබා ගන්න",
        "config-url": "ඒ.ස.නි.(URL) මූලය",
        "config-css": "අභිරුචි සීඑස්එස්",
        "load": "පූරනය කරන්න",
        "apply": "යොදන්න",
        "save-as": "...ලෙස සුරකින්න",
        "github-link": "ගිට්හබ් හි බලන්න",
        "translate": "පරිවර්තනය කරන්න",
        "light": "දීප්තිමත්",
        "dark": "අඳුරු",
        "system": "පද්ධතිය",
        "ratelimit": "උදාහරණය අනුපාත කර ඇත",
        "continue-search": "සමඟ ඔබේ සෙවීම දිගටම කරගෙන යන්න"
    },
    "lang_fr": {
        "search": "Chercher",
        "config": "Configuration",
        "config-country": "Définir le pays",
        "config-lang": "Langage de l'Interface",
        "config-lang-search": "Langage de Recherche",
        "config-near": "Proche",
        "config-near-help": "Nom de ville",
        "config-block": "Bloquer",
        "config-block-help": "Liste de sites séparés pas des virgules",
        "config-block-title": "Bloquer par titre",
        "config-block-title-help": "Utiliser l'expression régulière",
        "config-block-url": "Bloquer par URL",
        "config-block-url-help": "Utiliser l'expression régulière",
        "config-theme": "Theme",
        "config-nojs": "Montrer les liens NoJS",
        "config-dark": "Mode Sombre",
        "config-safe": "Recherche sécurisée",
        "config-alts": "Remplacer les liens des réseaux sociaux",
        "config-alts-help": "Remplacer les liens Twitter/YouTube/Instagram/etc avec leurs alternatives respectueuses de la vie privée.",
        "config-new-tab": "Ouvrir les Liens dans un Nouveau Onglet",
        "config-images": "Recherche d'image en plein écran",
        "config-images-help": "(Expérimental) Ajouter l'option 'Voir Image' aux recherches d'images sur ordinateur. Les vignettes des résultats d'image seront de plus faible résolution.",
        "config-tor": "Utiliser Tor",
        "config-get-only": "Requêtes GET seulement",
        "config-url": "URL de la racine",
        "config-css": "CSS Personalisé",
        "load": "Charger",
        "apply": "Appliquer",
        "save-as": "Sauvegarder comme...",
        "github-link": "Voir sur GitHub",
        "translate": "Traduire",
        "light": "clair",
        "dark": "sombre",
        "system": "système",
        "ratelimit": "Le débit de l'instance a été limité",
        "continue-search": "Continuez votre recherche avec "
    },
    "lang_fa": {
        "search": "جستجو",
        "config": "پیکربندی",
        "config-country": "کشور را تنظیم کنید",
        "config-lang": "زبان رابط کاربری",
        "config-lang-search": "زبان جستجو",
        "config-near": "نزدیک",
        "config-near-help": "نام شهر",
        "config-block": "مسدود کردن",
        "config-block-help": "لیست سایت‌ها با ویرگول جدا می‌شود.",
        "config-block-title": "مسدود کردن بر اساس عنوان",
        "config-block-title-help": "از عبارت منظم استفاده کنید",
        "config-block-url": "بلوک بر اساس URL",
        "config-block-url-help": "از عبارت منظم استفاده کنید",
        "config-theme": "پوسته",
        "config-nojs": "نمایش پیوند‌های بدون جاوا اسکیریپت",
        "config-dark": "حالت تاریک",
        "config-safe": "جستجوی امن",
        "config-alts": "جایگزینی پیوند‌های شبکه‌های اجتماعی",
        "config-alts-help": "لینک‌های توییتر، یوتیوب، اینستاگرام و... را با جایگزین‌هایی که به حریم خصوصی احترام می‌گذارند جایگزین می‌کند.",
        "config-new-tab": "باز کردن پیوند‌ها در تب جدید",
        "config-images": "جستجوی تصویر در اندازه‌ی کامل",
        "config-images-help": "(تجربی) گزینه‌ی \"مشاهده‌ی تصویر\" را به جستجو‌های تصویر میزکار اضافه می‌کند. این باعث می‌شود تصاویر کوچک وضوح و حجم کمتری داشته باشند.",
        "config-tor": "استفاده از تور",
        "config-get-only": "فقط درخواست‌های GET",
        "config-url": "آدرس ریشه‌ی سایت",
        "config-css": "CSS دلخواه",
        "load": "بارگذاری",
        "apply": "تایید",
        "save-as": "ذخیره به عنوان...",
        "github-link": "نمایش در گیت‌هاب",
        "translate": "ترجمه",
        "light": "روشن",
        "dark": "تیره",
        "system": "سیستم",
        "ratelimit": "نمونه با نرخ محدود شده است",
        "continue-search": "جستجوی خود را با "
    },
    "lang_cs": {
        "search": "Hledat",
        "config": "Konfigurace",
        "config-country": "Nastavte zemi",
        "config-lang": "Jazyk rozhraní",
        "config-lang-search": "Jazyk vyhledávání",
        "config-near": "Poblíž",
        "config-near-help": "Název města",
        "config-block": "Blokovat",
        "config-block-help": "Čárkami oddělený seznam stránek",
        "config-block-title": "Blokovat podle názvu",
        "config-block-title-help": "Použijte regulární výraz",
        "config-block-url": "Blokovat podle adresy URL",
        "config-block-url-help": "Použijte regulární výraz",
        "config-theme": "Motiv",
        "config-nojs": "Zobrazit NoJS odkazy",
        "config-dark": "Tmavý motiv",
        "config-safe": "Bezpečné vyhledávání",
        "config-alts": "Nahradit odkazy na sociální média",
        "config-alts-help": "Nahradí odkazy na Twitter, YouTube, Instagram atd. alternativami respektujícími soukromí.",
        "config-new-tab": "Otevírat odkazy na novém listu",
        "config-images": "Vyhledávání obrázků v plné velikosti",
        "config-images-help": "(Experimentální) Přidá volbu ‚Zobrazit obrázek‘ do vyhledávání obrázků na ploše. Způsobí to, že náhledy výsledků vyhledávání obrázků budou mít nižší rozlišení.",
        "config-tor": "Používat Tor",
        "config-get-only": "Pouze požadavky GET",
        "config-url": "Kořenová adresa URL",
        "config-css": "Vlastní CSS",
        "load": "Načíst",
        "apply": "Použít",
        "save-as": "Uložit jako...",
        "github-link": "Zobrazit na GitHub",
        "translate": "Přeložit",
        "light": "Světlý",
        "dark": "Tmavý",
        "system": "Systémový",
        "ratelimit": "Instance byla omezena sazbou",
        "continue-search": "Pokračujte ve vyhledávání pomocí "
    },
    "lang_zh-TW": {
        "search": "搜尋",
        "config": "設定",
        "config-country": "設置國家",
        "config-lang": "界面語言",
        "config-lang-search": "搜尋語言",
        "config-near": "接近",
        "config-near-help": "城市名",
        "config-block": "排除",
        "config-block-help": "網址列表，以逗號分隔",
        "config-block-title": "按標題屏蔽",
        "config-block-title-help": "使用正則表達式",
        "config-block-url": "按網址屏蔽",
        "config-block-url-help": "使用正則表達式",
        "config-theme": "主題",
        "config-nojs": "顯示 NoJS 連結",
        "config-dark": "深色模式",
        "config-safe": "安全搜尋",
        "config-alts": "將社群網站連結換掉",
        "config-alts-help": "將 Twitter/YouTube/Instagram 等網站的連結替換為尊重隱私的第三方網站。",
        "config-new-tab": "以新分頁開啟連結",
        "config-images": "完整尺寸圖片搜尋",
        "config-images-help": "（實驗性）在桌面版圖片搜尋中增加「查看圖片」選項。這會使搜尋結果圖片解析度降低",
        "config-tor": "使用 Tor",
        "config-get-only": "僅限於 GET 要求",
        "config-url": "首頁網址",
        "config-css": "自定 CSS",
        "load": "載入",
        "apply": "套用",
        "save-as": "另存為...",
        "github-link": "在 GitHub 上查看",
        "translate": "翻譯",
        "light": "明亮的",
        "dark": "黑暗的",
        "system": "依系統",
        "ratelimit": "實例已被限速",
        "continue-search": "繼續搜索 "
    },
    "lang_bg": {
        "search": "Търсене",
        "config": "Конфигурация",
        "config-country": "Задайте държава",
        "config-lang": "Език на интерфейса",
        "config-lang-search": "Език за търсене",
        "config-near": "Близо до",
        "config-near-help": "Име на град",
        "config-block": "Блокирани сайтове",
        "config-block-help": "Списък сайтове, разделени със запетая",
        "config-block-title": "Блокиране по заглавие",
        "config-block-title-help": "Използвайте регулярно изражение",
        "config-block-url": "Блокиране по url",
        "config-block-url-help": "Използвайте регулярно изражение",
        "config-theme": "Стил",
        "config-nojs": "Показване на връзки без JS",
        "config-dark": "Тъмен режим",
        "config-safe": "Безопасно търсене",
        "config-alts": "Заменете връзките към социалните медии",
        "config-alts-help": "Заменя връзките на Twitter/YouTube/Instagram и т.н. с защитени алтернативни поверителни връзки.",
        "config-new-tab": "Отваряне на връзките в нов раздел",
        "config-images": "Търсене на изображения в пълен размер",
        "config-images-help": "(Експериментално) Добавя опцията „Преглед на изображение“ към резултатите от търсене на изображения през работния плот на компютъра. Това ще доведе до по-ниска разделителна способност на миниатюрите, в резултатите от търсене на изображения.",
        "config-tor": "Използвайте Tor",
        "config-get-only": "Само GET заявки",
        "config-url": "Основен URL адрес",
        "config-css": "Персонализиран CSS",
        "load": "Зареди",
        "apply": "Приложи",
        "save-as": "Запис като...",
        "github-link": "Вижте в GitHub",
        "translate": "превод",
        "light": "светла",
        "dark": "тъмна",
        "system": "системна",
        "ratelimit": "Екземплярът е с ограничена скорост",
        "continue-search": "Продължете търсенето си с "
    },
    "lang_hi": {
        "search": "खोज",
        "config": "कॉन्फ़िगरेशन",
        "config-country": "देश सेट करें",
        "config-lang": "इंटरफ़ेस भाषा",
        "config-lang-search": "खोज की भाषा",
        "config-near": "पास",
        "config-near-help": "शहर का नाम",
        "config-block": "खंड",
        "config-block-help": "अल्पविराम से अलग की गई साइट सूची",
        "config-block-title": "शीर्षक के अनुसार ब्लॉक करें",
        "config-block-title-help": "रेगेक्स का प्रयोग करें",
        "config-block-url": "url द्वारा अवरोधित करें",
        "config-block-url-help": "रेगेक्स का प्रयोग करें",
        "config-theme": "विषय",
        "config-nojs": "NoJS लिंक दिखाएं",
        "config-dark": "डार्क मोड",
        "config-safe": "सुरक्षित खोज",
        "config-alts": "सोशल मीडिया लिंक बदलें",
        "config-alts-help": "गोपनीयता का सम्मान करने वाले विकल्पों के साथ ट्विटर/यूट्यूब/इंस्टाग्राम/आदि लिंक को बदल देता है।",
        "config-new-tab": "नए टैब में लिंक खोलें",
        "config-images": "पूर्ण आकार छवि खोज",
        "config-images-help": "(Experimental) डेस्कटॉप छवि खोजों में 'छवि देखें' विकल्प जोड़ता है। इससे छवि परिणाम थंबनेल कम रिज़ॉल्यूशन वाले होंगे।",
        "config-tor": "TOR का प्रयोग करें",
        "config-get-only": "केवल GET अनुरोध",
        "config-url": "रूट यूआरएल",
        "config-css": "कस्टम सीएसएस",
        "load": "भार",
        "apply": "लागू करना",
        "save-as": "के रूप रक्षित करें...",
        "github-link": "गिटहब पर देखें",
        "translate": "अनुवाद करना",
        "light": "रोशनी",
        "dark": "अंधेरा",
        "system": "प्रणाली",
        "ratelimit": "इंस्टेंस को सीमित कर दिया गया है",
        "continue-search": "के साथ अपनी खोज जारी रखें "
    },
    "lang_ja": {
        "search": "検索",
        "config": "設定",
        "config-country": "国を設定する",
        "config-lang": "インタフェースの言語",
        "config-lang-search": "検索する言語",
        "config-near": "場所",
        "config-near-help": "街の名前",
        "config-block": "ブロック",
        "config-block-help": "サイトのリストをコンマ区切りで入力",
        "config-block-title": "タイトルでブロック",
        "config-block-title-help": "正規表現を使用します",
        "config-block-url": "でブロック",
        "config-block-url-help": "正規表現を使用",
        "config-theme": "テーマ",
        "config-nojs": "非JSリンクを表示",
        "config-dark": "ダークモード",
        "config-safe": "セーフサーチ",
        "config-alts": "ソーシャルメディアのリンクを置き換え",
        "config-alts-help": "Twitter/YouTube/Instagramなどのリンクを、プライバシーを尊重した代替サイトに置き換えます。",
        "config-new-tab": "新しいタブでリンクを開く",
        "config-images": "フルサイズの画像を検索",
        "config-images-help": "(実験的) デスクトップの画像検索に「画像を表示」オプションを追加します。これにより、画像検索結果のサムネイルの解像度が低くなります。",
        "config-tor": "Torを使用",
        "config-get-only": "GETリクエストのみ",
        "config-url": "ルートURL",
        "config-css": "カスタムCSS",
        "load": "読み込み",
        "apply": "反映",
        "save-as": "名前を付けて保存",
        "github-link": "Githubで確認",
        "translate": "翻訳",
        "light": "ライト",
        "dark": "ダーク",
        "system": "自動",
        "ratelimit": "インスタンスはレート制限されています",
        "continue-search": "で検索を続ける "
    }
}
